1,2
DBP01.,\LIBBY'S STUDY\PhD Study 1\Scripts\DBP1.EDF
DBP02.,\LIBBY'S STUDY\PhD Study 1\Scripts\DBP2.EDF
DBP03.,\LIBBY'S STUDY\PhD Study 1\Scripts\DBP3.EDF
DBP04.,\LIBBY'S STUDY\PhD Study 1\Scripts\DBP4.EDF
DBP05.,\DUNCAN'S STUDY\NEW\Scripts\DBP05.EDF
DBP06.,\DUNCAN'S STUDY\NEW\Scripts\DBP06.EDF
DBP07.,\DUNCAN'S STUDY\NEW\Scripts\DBP07.EDF
DBP08.,\DUNCAN'S STUDY\NEW\Scripts\DBP08.EDF
DBP09.,\LIBBY'S STUDY\PhD Study 1\Scripts\DBP9.EDF
DBP10.,\DUNCAN'S STUDY\NEW\Scripts\DBP10.EDF
DBP11.,\DUNCAN'S STUDY\NEW\Scripts\DBP11.EDF
DBP12.,\LIBBY'S STUDY\PhD Study 1\Scripts\DBP12.EDF
DBP13.,\DUNCAN'S STUDY\NEW\Scripts\DBP13.EDF
DBP14.,\DUNCAN'S STUDY\NEW\Scripts\DBP14.EDF
DBP15.,\DUNCAN'S STUDY\NEW\Scripts\DBP15.EDF
DBP16.,\LIBBY'S STUDY\PhD Study 1\Scripts\DBP87.EDF
DBP17.,\DUNCAN'S STUDY\NEW\Scripts\DBP17.EDF
DBP18.,\DUNCAN'S STUDY\NEW\Scripts\DBP18.EDF
DBP19.,\DUNCAN'S STUDY\NEW\Scripts\DBP19.EDF
DBP20.,\DUNCAN'S STUDY\NEW\Scripts\DBP20.EDF
DBP21.,\DUNCAN'S STUDY\NEW\Scripts\DBP21.EDF
DBP22.,\DUNCAN'S STUDY\NEW\Scripts\DBP22.EDF
DBP23.,\DUNCAN'S STUDY\NEW\Scripts\DBP23.EDF
DBP24.,\DUNCAN'S STUDY\NEW\Scripts\DBP24.EDF
DBP25.,\DUNCAN'S STUDY\NEW\Scripts\DBP25.EDF
DBP26.,\DUNCAN'S STUDY\NEW\Scripts\DBP26.EDF
DBP27.,\LIBBY'S STUDY\PhD Study 1\Scripts\DBP27.EDF
DBP28.,\DUNCAN'S STUDY\NEW\Scripts\DBP28.EDF
DBP29.,\DUNCAN'S STUDY\NEW\Scripts\DBP29.EDF
DBP30.,\DUNCAN'S STUDY\NEW\Scripts\DBP30.EDF
DBP31.,\LIBBY'S STUDY\PhD Study 1\Scripts\DBP31.EDF
DBP32.,\DUNCAN'S STUDY\NEW\Scripts\DBP32.EDF
DBP33.,\DUNCAN'S STUDY\NEW\Scripts\DBP33.EDF
DBP34.,\LIBBY'S STUDY\PhD Study 1\Scripts\DBP34.EDF
DBP35.,\DUNCAN'S STUDY\NEW\Scripts\DBP35.EDF
DBP35T,\DUNCAN'S STUDY\NEW\Scripts\DBP35T.EDF
DBP36.,\DUNCAN'S STUDY\NEW\Scripts\DBP36.EDF
DBP37.,\DUNCAN'S STUDY\NEW\Scripts\DBP37.EDF
DBP38.,\DUNCAN'S STUDY\NEW\Scripts\DBP38.EDF
DBP39.,\LIBBY'S STUDY\PhD Study 1\Scripts\DBP39.EDF
DBP40.,\DUNCAN'S STUDY\NEW\Scripts\DBP40.EDF
DBP41.,\DUNCAN'S STUDY\NEW\Scripts\DBP41.EDF
DBP42.,\LIBBY'S STUDY\PhD Study 1\Scripts\DBP42.EDF
DBP43.,\LIBBY'S STUDY\PhD Study 1\Scripts\DBP43.EDF
DBP44.,\LIBBY'S STUDY\PhD Study 1\Scripts\DBP85.EDF
DBP45.,\DUNCAN'S STUDY\NEW\Scripts\DBP45.EDF
DBP46.,\DUNCAN'S STUDY\NEW\Scripts\DBP46.EDF
DBP47.,\DUNCAN'S STUDY\NEW\Scripts\DBP47.EDF
DBP48.,\DUNCAN'S STUDY\NEW\Scripts\DBP48.EDF
DBP49.,\DUNCAN'S STUDY\NEW\Scripts\DBP49.EDF
DBP50.,\DUNCAN'S STUDY\NEW\Scripts\DB50.EDF
DBP51.,\DUNCAN'S STUDY\NEW\Scripts\DBP51.EDF
DBP52.,\DUNCAN'S STUDY\NEW\Scripts\DBP52.EDF
DBP53.,\DUNCAN'S STUDY\NEW\Scripts\DBP53.EDF
DBP54.,\DUNCAN'S STUDY\NEW\Scripts\DBP54.EDF
DBP55.,\DUNCAN'S STUDY\NEW\Scripts\DBP55.EDF
DBP56.,\DUNCAN'S STUDY\NEW\Scripts\DBP56.EDF
DBP57.,\DUNCAN'S STUDY\NEW\Scripts\DBP57.EDF
DBP58.,\DUNCAN'S STUDY\NEW\Scripts\DBP58.EDF
DBP59.,\DUNCAN'S STUDY\NEW\Scripts\DBP59.EDF
DBP60.,\DUNCAN'S STUDY\NEW\Scripts\DBP60.EDF
DBP61.,\DUNCAN'S STUDY\NEW\Scripts\DBP61.EDF
DBP62.,\DUNCAN'S STUDY\NEW\Scripts\DBP62.EDF
DBP63.,\DUNCAN'S STUDY\NEW\Scripts\DBP63.EDF
DBP64.,\DUNCAN'S STUDY\NEW\Scripts\DBP64.EDF
DBP65.,\DUNCAN'S STUDY\NEW\Scripts\DBP65.EDF
DBP66.,\DUNCAN'S STUDY\NEW\Scripts\DBP66.EDF
DBP67.,\LIBBY'S STUDY\PhD Study 1\Scripts\DBP86.EDF
DBP68.,\LIBBY'S STUDY\PhD Study 1\Scripts\DBP68.EDF
DBP69.,\LIBBY'S STUDY\PhD Study 1\Scripts\DBP69.EDF
DBP70.,\LIBBY'S STUDY\PhD Study 1\Scripts\DBP70.EDF
DBP71.,\LIBBY'S STUDY\PhD Study 1\Scripts\DBP71.EDF
DBP72.,\LIBBY'S STUDY\PhD Study 1\Scripts\DBP72.EDF
DBP73.,\LIBBY'S STUDY\PhD Study 1\Scripts\DBP73.EDF
DBP74.,\LIBBY'S STUDY\PhD Study 1\Scripts\DBP74.EDF
DBP75.,\LIBBY'S STUDY\PhD Study 1\Scripts\DBP75.EDF
DBP76.,\LIBBY'S STUDY\PhD Study 1\Scripts\DBP76.EDF
DBP77.,\LIBBY'S STUDY\PhD Study 1\Scripts\DBP77.EDF
DBP78.,\LIBBY'S STUDY\PhD Study 1\Scripts\DBP78.EDF
DBP79.,\LIBBY'S STUDY\PhD Study 1\Scripts\DBP79.EDF
DBP80.,\LIBBY'S STUDY\PhD Study 1\Scripts\DBP80.EDF
DBP81.,\LIBBY'S STUDY\PhD Study 1\Scripts\DBP81.EDF
DBP82.,\LIBBY'S STUDY\PhD Study 1\Scripts\DBP82.EDF
DBP83.,\LIBBY'S STUDY\PhD Study 1\Scripts\DBP83.EDF
DBP84.,\LIBBY'S STUDY\PhD Study 1\Scripts\DBP84.EDF
